Address,Latitude,Longitude,TspNum,TspDst,AtrNum,AtrDst,EdcNum,EdcDst,HthNum,HthDst,RstNum,RstDst,RtlNum,RtlDst
1573 S 3RD ST,43.01449395,-87.91426327554899,49952,5890.962271637101,556,4305.26683202169,50,5523.969986986049,1,9061.681657486153,336,4325.467779313105,1195,5149.743535380084
2214 S WOODWARD ST,43.004267049999996,-87.9001797625742,44338,6147.524609920559,534,5229.557918761336,42,5571.051211937605,1,9898.773193695277,316,4726.677840988975,1072,5668.8971074869805
2200-2202 S WINCHESTER ST,43.00417670633851,-87.90153691629335,44668,6129.651763262495,537,5232.28041940235,42,5531.252822721937,1,9788.05906571469,320,4759.852515288316,1092,5695.351849285002
2224-2226 S WINCHESTER ST,43.00417670633851,-87.90153691629335,44668,6129.651763262495,537,5232.28041940235,42,5531.252822721937,1,9788.05906571469,320,4759.852515288316,1092,5695.351849285002
616-620 E LINCOLN AV,40.0750112,-83.0059349,12105,7087.643475286383,119,7116.524728062904,34,5678.9216846172585,4,7494.596052480394,304,7129.668665701058,706,6838.143763573345
2201 S ALLIS ST,43.0045004,-87.90437779984403,45562,6099.009716936353,551,5262.278157094905,44,5637.142639918855,1,9566.558434207958,326,4768.152384578774,1130,5708.355586082619
332 E ARCHER AV,43.0053312,-87.90512025000001,45956,6084.515279829754,551,5173.628670645582,44,5583.838604706915,1,9524.411813416502,327,4725.169016227436,1142,5682.591873369607
2123 S MOUND ST,43.0053289,-87.90300882455716,45348,6104.818579815734,542,5139.674554212117,43,5544.405189621986,1,9693.341912229766,326,4759.16193400901,1116,5669.638635846832
2147 S MOUND ST,43.004838750000005,-87.90301942431421,45241,6108.670063663496,550,5253.717091639479,43,5563.745411669055,1,9682.32481091343,326,4783.587877971069,1115,5689.756878223995
2151 S MOUND ST,43.004763049999994,-87.90304852965738,45248,6110.347696836541,550,5259.710581981902,44,5666.916932285522,1,9678.447785911985,326,4786.711537414949,1116,5696.224211561428
2222 S ALLIS ST,43.004084500000005,-87.90387795562353,45342,6108.769600145644,551,5309.710436432636,44,5667.907471206342,1,9598.350998981326,325,4785.7168714275185,1125,5730.761171787848
2210 S ALLIS ST,43.004330100000004,-87.90387131264053,45375,6104.928801196528,551,5288.150340218711,44,5658.617687550472,1,9603.748486019906,326,4788.864441924523,1125,5718.567235065751
2253 S WINCHESTER ST,43.00351565,-87.90177387398704,44596,6133.319118827397,539,5304.259989073003,43,5653.103367220138,1,9756.46275155157,318,4755.550262678123,1089,5707.3258854962705
530 E LINCOLN AV,40.9176264,-73.8200029,14244,6543.763394537452,163,7511.205571954146,203,6176.441295880551,8,6230.75241117227,279,6816.368261034844,972,6995.043399728359
2232 S MOUND ST,43.00388035,-87.90252527504006,44941,6126.628601612449,549,5340.840145853566,43,5616.253609937365,1,9702.981036741901,323,4798.065696951578,1097,5688.513662986098
"306 E LINCOLN AV, Unit 4",41.28988010853841,-70.09985104576303,756,2693.3010286925105,7,2369.62482589025,3,2030.6104667988739,0,0.0,7,1345.483632878047,14,1041.2245486654913
"314 E LINCOLN AV, Unit 11",41.28988010853841,-70.09985104576303,756,2693.3010286925105,7,2369.62482589025,3,2030.6104667988739,0,0.0,7,1345.483632878047,14,1041.2245486654913
"2255 S ALLIS ST, Unit 1A",34.539978859906746,-91.96813494836324,9,978.5755638431817,0,0.0,6,4050.6939432956847,0,0.0,0,0.0,1,3794.9822517184075
"2255 S ALLIS ST, Unit 2B",34.539978859906746,-91.96813494836324,9,978.5755638431817,0,0.0,6,4050.6939432956847,0,0.0,0,0.0,1,3794.9822517184075
"2121 S KINNICKINNIC AV, Unit 107",42.95925960306501,-87.86383190546115,21367,6473.511539397455,197,8890.546075803728,23,6356.928037411794,0,0.0,195,7485.613124729219,510,7769.977822608883
"2121 S KINNICKINNIC AV, Unit 109",42.95925960306501,-87.86383190546115,21367,6473.511539397455,197,8890.546075803728,23,6356.928037411794,0,0.0,195,7485.613124729219,510,7769.977822608883
"2121 S KINNICKINNIC AV, Unit 118",42.95925960306501,-87.86383190546115,21367,6473.511539397455,197,8890.546075803728,23,6356.928037411794,0,0.0,195,7485.613124729219,510,7769.977822608883
2202 S KINNICKINNIC AV,43.00462175,-87.90502175454253,45752,6090.211909152083,551,5238.204548331103,44,5613.824652588249,1,9517.419505844911,326,4747.683045837664,1137,5702.876345258765
1939 S 5TH PL,43.00926115,-87.917911656906,49861,5922.284789999953,559,4745.847539624536,51,5750.9479325901675,1,8608.385342554959,335,4526.992580032215,1220,5357.100456109845
1979 S 5TH PL,43.00874244624328,-87.91785433975858,49797,5932.948850600803,559,4790.065930416666,51,5774.361328697521,1,8597.853204851954,336,4568.995028406606,1220,5382.294524464627
1916 S 6TH ST,39.92459125,-75.1563808313835,19151,5351.142020846206,425,4779.841002169621,239,6910.030672806037,4,5098.773481223372,640,4458.157558583702,1491,5420.503408239162
2052 S 5TH PL,43.007114650000005,-87.91757066660531,49365,5951.167552015249,559,4930.812698848569,51,5851.129703232893,1,8575.472031204565,337,4668.249042276656,1209,5424.552264313644
2064 S 5TH PL,43.0068766,-87.91757755675368,49325,5954.644448594411,559,4951.3346710754,50,5778.686688664965,1,8568.685050701206,337,4680.671503812266,1207,5428.205091020344
2032-2034 S 6TH ST,40.57258766858698,-75.45652493745807,4323,6238.732204815103,49,6848.597625949129,48,6525.158049061018,2,4954.650177310097,250,6865.119557973803,1212,6529.631493493786
2052 S 6TH ST,43.007108849999995,-87.91845894087078,49532,5943.145053183967,559,4927.3299323803885,51,5833.847072903502,1,8504.98408707693,337,4667.592765709071,1214,5419.318742323192
2031 S 5TH PL,43.007605850000004,-87.917972726453,49567,5943.520604238104,559,4886.617561862628,51,5821.425073922217,1,8556.802274989475,336,4626.326670195347,1211,5397.5392547150295
2245 S 5TH PL,43.003654299999994,-87.91799224902348,48830,6001.5173826085675,555,5195.443411989494,47,5644.397591659766,1,8458.692383423371,338,4871.726287473528,1203,5562.306376917795
2245 S 5TH PL,43.003654299999994,-87.91799224902348,48830,6001.5173826085675,555,5195.443411989494,47,5644.397591659766,1,8458.692383423371,338,4871.726287473528,1203,5562.306376917795
2258 S CHASE AV,43.003399099999996,-87.91834898898858,48833,6001.193384090895,555,5216.416625608371,47,5648.541857408555,1,8424.65774038145,338,4886.014731372994,1202,5562.326067929257
2247 S 5TH ST,43.00359575,-87.9171505131481,48668,6010.692998946911,555,5205.201605988286,48,5753.648371842874,1,8524.755799575383,338,4876.411308572605,1203,5588.418387342219
2240 S 5TH PL,43.00373055,-87.91764807917559,48787,6003.989040293479,555,5190.442873788202,48,5738.369852747397,1,8487.86902976138,338,4867.83208631514,1203,5567.710550550385
2178 S 5TH PL,43.0048059,-87.91765969481847,49034,5990.730435934691,555,5095.453225187564,48,5691.580086760871,1,8511.116745734524,337,4792.1025691060195,1204,5516.37045376047
2146 S 6TH ST,43.005454549999996,-87.91842615325442,49293,5973.539420417041,556,5043.946488631798,50,5824.013766639878,1,8465.486513586022,337,4755.721597665597,1203,5459.451612448505
2154 S 6TH ST,43.0052802,-87.91845095,49267,5976.103821381014,556,5059.071760497085,49,5745.704713367228,1,8459.29677830721,337,4765.176481393946,1203,5467.4582743674355
2166 S 6TH ST,43.005052500000005,-87.91843608496576,49215,5979.131101534399,555,5070.148868199129,48,5666.908156540467,1,8455.037131120633,337,4777.637168592959,1203,5479.236951357866
2157 S 5TH PL,43.0052063,-87.91800805,49179,5981.872259122141,555,5058.5922660598035,48,5668.03461714436,1,8492.787099968098,337,4769.61598735507,1203,5483.060314115727
2123 S 5TH PL,43.0059478,-87.91799825082771,49267,5966.953612228011,556,5002.90555818449,50,5810.619935021719,1,8511.640161683345,336,4713.794644595788,1204,5450.386758539211
2219 S 5TH ST,39.9206727,-75.15528440978261,18831,5539.453979507311,421,5071.808061522016,226,6841.433875827381,3,3826.9535861530053,631,4704.145752064977,1459,5549.277360826404
1012 W BECHER ST,43.0066851,-87.92511445262836,50715,5908.334987884451,557,4946.88016881892,51,5752.481568706952,1,7967.300960492842,350,4904.575132934363,1263,5467.614605018221
1962 S 13TH ST,43.00884755,-87.9279764,51726,5874.189396418212,560,4810.538091373937,51,5632.398568800274,1,7806.7592675428405,359,4940.886594208908,1295,5425.425176322068
1978--A S 12TH ST,43.0085388,-87.92680178716392,51432,5880.143333930217,559,4818.146595818294,51,5654.816870881088,1,7888.96963289868,357,4920.2420500619955,1290,5443.434469870115
1963 S 11TH ST,43.00885125,-87.92592909999999,51367,5881.891070050841,561,4805.380564520051,51,5649.366242555195,1,7966.979654480073,354,4857.110472721926,1275,5392.535576358669
2174-2176 S 7TH ST,40.49068273838301,-90.19023980794762,9,8105.037901290964,0,0.0,1,1248.4220465071721,0,0.0,0,0.0,0,0.0
1934--A S 11TH ST,39.949639614717825,-75.15876379846807,22527,4951.448626696525,509,4173.698757201115,256,6517.849220479292,4,3617.178615501133,649,3147.064997832659,1607,4815.1054110200075
1132 W LINCOLN AV,43.0030443,-87.92697432460963,50148,5942.789024845634,555,5252.84845540435,49,5720.907037882134,1,7727.575255295359,352,5138.474533072093,1247,5554.425670570982
2025 S 11TH ST,39.924190100000004,-75.16416514573757,19242,5236.302897907311,423,4648.963377987926,243,6976.083792363196,4,5023.048971891467,636,4426.192127330397,1486,5423.756461504364
2074--A S 13TH ST,43.00669405,-87.92804840103489,51229,5896.91336488806,559,4981.362925100712,51,5725.226341418148,1,7736.152930199327,357,5019.4563561079785,1287,5495.086372927529
2076 S 13TH ST,43.0066107,-87.9280465260885,51209,5897.865255370268,559,4988.37312868401,51,5728.925034313379,1,7733.923439959183,357,5023.7037701954105,1287,5499.071755638882
1939 S 6TH ST,39.9240063,-75.1561664919034,19097,5378.166079598698,423,4806.499118467142,236,6887.179067651597,3,3525.199216993242,639,4497.282103806662,1481,5422.8511016190305
922 W WINDLAKE AV,43.00907885,-87.92343010243388,50895,5886.249504694144,559,4757.081478743794,51,5667.657641485438,1,8169.720485516553,349,4761.040052415923,1252,5348.890764593015
1943--A S 8TH ST,43.009195950000006,-87.92187983150023,50604,5892.094437746594,559,4744.312295710316,51,5684.118393917332,1,8294.8234865472,343,4658.907926650451,1245,5352.6305210231185
1937-1939 S 8TH ST,36.737688073570645,-88.63711959547373,155,2984.6733170933026,0,0.0,1,980.2357245445891,0,0.0,5,2053.4559572513303,25,2117.058034167457
2200 S 13TH ST,43.004374850000005,-87.92807544585918,50726,5928.044217099028,559,5179.020702142721,49,5652.412848167237,1,7671.753872703868,355,5113.834742795541,1269,5544.443506173157
1151 W WINDLAKE AV,43.005829,-87.92651056842966,50765,5912.631441966342,559,5044.726889246863,50,5692.011656924608,1,7833.589662135916,354,5013.345719766641,1276,5527.308903286607
1161-1163 W WINDLAKE AV,43.00587643025468,-87.92682560829087,50823,5910.257119717576,559,5042.4595364254055,50,5686.809596321205,1,7809.948062375864,354,5012.47274214362,1277,5522.345026122801
1615 W BECHER ST,43.0063516,-87.9338296368781,52056,5889.097701993237,559,5072.461478302741,50,5627.223977548021,1,7271.3701569829545,362,5156.624729452468,1306,5488.524470708649
2041 S 14TH ST,43.007372149999995,-87.9299301,51670,5881.419439830233,560,4950.166631587702,51,5683.833573786178,1,7608.1121063565415,361,5054.85751588236,1301,5479.8900987023035
2000-2002 S 15TH ST,39.952010878921236,-75.16539553191687,23222,4914.293285940631,533,4160.257291456957,261,6516.544437183811,4,3725.332008809869,667,3304.6181322220446,1702,5062.794054497022
1957 S 14TH ST,43.00888185,-87.92986460594224,52002,5864.3201655535,560,4825.252646244593,51,5619.685741353844,1,7660.464569627423,361,4981.531489820373,1299,5405.9115799569845
2215--A S 14TH ST,36.160731422908306,-115.13306929042784,10213,6527.507083119952,186,5054.468211743596,74,5265.553916036138,8,5826.934234937418,595,6120.49036219176,1063,5758.770137645766
1528-1532 W BECHER ST,43.00638373375288,-87.91571289093788,48870,5979.537649592709,558,4996.57111795102,48,5663.671023074362,1,8704.08690358198,336,4696.005906324741,1201,5483.228245172652
2159-2161 S 15TH ST,39.952010878921236,-75.16539553191687,23222,4914.293285940631,533,4160.257291456957,261,6516.544437183811,4,3725.332008809869,667,3304.6181322220446,1702,5062.794054497022
2151 S 15TH PL,43.00541405,-87.9325431202476,51599,5898.684047094716,559,5133.415103733888,50,5670.446437732613,1,7345.561429022594,361,5177.3616753343695,1295,5511.868072260537
2257 S 19TH ST,43.003541549999994,-87.93710797523397,51728,5917.150394705214,560,5362.6277999539725,50,5745.195162934427,1,6933.8255957924885,361,5330.222216830862,1299,5561.998868189544
2049 S 17TH ST,43.007308949999995,-87.93462906457775,52417,5878.429678112639,560,5014.821773096705,50,5586.313786184728,1,7238.144998086856,363,5132.290948392933,1311,5452.400402910588
1702 W FOREST HOME AV,43.0088357,-87.93449106194082,52757,5861.383179666336,560,4890.040065593784,51,5611.306269339144,1,7298.928416118482,364,5072.2742375676735,1318,5411.329214642614
2238-2240 S 20TH ST,36.29217795043937,-94.14759441393151,3118,5722.872842443678,73,5935.485431175556,43,5463.555333208881,0,0.0,89,4845.501928805382,251,4353.226206313766
1560-A W BECHER ST,43.006709,-87.93270104999999,51951,5884.187610903057,560,5036.708872809561,50,5614.545903944294,1,7370.6816958020145,362,5126.469083317403,1299,5462.207336721676
2025--A S 16TH ST,43.0077572,-87.93345771099247,52351,5874.178601532793,560,4961.220701881973,50,5569.145372774738,1,7343.8964014942385,362,5083.486265832188,1306,5428.968850745653
1622-1624 W LINCOLN AV,38.54430399207408,-121.49658861168164,15294,5193.190941158603,103,3450.761198839737,101,5883.763328984794,4,5707.091463962876,258,4730.391178447065,581,5509.091806632808
2251-2253 S 17TH ST,39.95391805,-82.9778771,13572,5814.6194588528915,124,4847.580470771881,59,5409.953325019579,4,6823.07113941016,310,4774.995089364699,519,5985.972842715761
2255 S 17TH ST,43.003509050000005,-87.93475482389479,51432,5919.657487090038,558,5313.311891265423,49,5659.637796932726,1,7119.556285688811,359,5275.96782824059,1294,5572.282942896484
2134 S 17TH ST,39.92405875,-75.17490878827604,19607,5213.42747220769,425,4634.216718112921,232,6829.844534840102,4,5173.053982134696,633,4528.46117296381,1478,5476.24814223214
2150-2154 S 18TH ST,39.94341230656338,-75.17213618505232,22094,4848.504779418177,498,4144.465470453099,247,6463.953129207087,4,4105.675235656021,647,3429.307372926276,1622,5057.747627832727
2137 S 17TH ST,43.0057049,-87.9346699984456,52027,5896.918841117732,559,5137.730483617707,50,5653.787727711364,1,7186.254176535367,362,5198.807218811106,1303,5498.012246597781
1950 S 15TH PL,43.009131,-87.93192622630208,52355,5854.601920489323,560,4829.368007900681,51,5601.816590069756,1,7508.137716655633,364,5030.167329704753,1308,5395.959179368945
1951 S 15TH ST,43.009007600000004,-87.93125272352941,52232,5858.04505330321,560,4830.803265270417,51,5608.8369728444995,1,7556.426448269507,362,5001.904863852243,1305,5400.360462502209
1947-1949 S 15TH ST,39.952010878921236,-75.16539553191687,23222,4914.293285940631,533,4160.257291456957,261,6516.544437183811,4,3725.332008809869,667,3304.6181322220446,1702,5062.794054497022
1949 S 19TH ST,43.00915725,-87.93697752405015,53091,5850.269980454816,561,4916.511336591749,52,5683.251274298409,1,7117.449736851271,366,5117.829348483447,1329,5410.469721007425
1922 W ROGERS ST,43.0086469,-87.93751349182624,53027,5854.840422154613,561,4966.310770165887,52,5703.95259050339,1,7058.094979564466,366,5148.583557735158,1328,5423.950571266737
2066--A S 17TH ST,43.006914699999996,-87.93416382731712,52267,5884.264078730344,560,5039.945919261708,50,5603.083087444053,1,7262.239691099367,363,5145.921768507137,1311,5475.751174704133
2052 S 17TH ST,43.00720065,-87.9341162,52345,5882.264628342928,560,5015.942139978289,50,5591.2213921562,1,7274.846199650993,363,5131.446578770799,1311,5463.373387073654
2145 S 18TH ST,43.0055391,-87.93571435068124,52092,5895.4635886173855,558,5158.496309083185,50,5660.675828314025,1,7099.253464607232,362,5220.012134437969,1307,5507.743530792469
1835--A W BURNHAM ST,43.01007055,-87.93652525,53247,5841.002971566579,562,4846.267685473687,53,5727.603356349932,1,7185.188513721547,366,5071.370609991596,1328,5373.537128980775
1938 S CONGO AV,43.00955105,-87.93603805000001,53127,5851.734679332496,561,4868.763230555915,53,5748.433166808063,1,7204.00382886122,366,5087.25677877944,1329,5402.983615642818
1950 S CONGO AV,43.009346449999995,-87.93584115000002,53045,5853.400160854237,560,4872.152721853933,53,5756.807269788288,1,7211.975850352375,365,5080.185038891492,1327,5406.521576569891
2120 S 16TH ST,39.9242231,-75.17325940144954,19582,5207.814776292155,425,4617.54482355806,233,6839.890031778065,4,5098.725580287111,633,4486.540293565653,1482,5462.568101935588
2010-2012 S 17TH ST,39.95391805,-82.9778771,13572,5814.6194588528915,124,4847.580470771881,59,5409.953325019579,4,6823.07113941016,310,4774.995089364699,519,5985.972842715761
2053 W VILTER LA,43.00737125,-87.93959085656161,52888,5863.810701558772,563,5123.396243175286,51,5674.577589316777,1,6853.376652138486,365,5226.251588640291,1321,5438.736789873923
2028 W BECHER ST,43.006831399999996,-87.93909397248873,52692,5869.250574808819,563,5156.246876973472,51,5694.9538251626045,1,6874.267861327786,365,5243.994262697884,1314,5441.930832831798
1906 S 26TH ST,43.010171150000005,-87.94625540773455,54061,5832.968877396506,579,5197.64635082604,54,5846.026927262137,1,6445.596262173907,368,5267.402584825397,1411,5590.368493787123
2415-2417 W BURNHAM ST,43.01033890968487,-87.94189349989799,53783,5828.618312511792,573,5033.792686601899,52,5651.020155407026,1,6783.955399118458,367,5160.7344525692515,1352,5407.322866418187
2125 W GRANT ST,43.00466295,-87.94059360090709,52294,5895.31190383577,563,5357.429501374888,50,5704.996200379407,1,6689.835749888333,363,5349.607633975203,1309,5513.4125429886735
2125 W GRANT ST,43.00466295,-87.94059360090709,52294,5895.31190383577,563,5357.429501374888,50,5704.996200379407,1,6689.835749888333,363,5349.607633975203,1309,5513.4125429886735
2201-2203 S 20TH ST,36.29217795043937,-94.14759441393151,3118,5722.872842443678,73,5935.485431175556,43,5463.555333208881,0,0.0,89,4845.501928805382,251,4353.226206313766
2115-2117 W BURNHAM ST,43.01033890968487,-87.94189349989799,53783,5828.618312511792,573,5033.792686601899,52,5651.020155407026,1,6783.955399118458,367,5160.7344525692515,1352,5407.322866418187
2001 W BURNHAM ST,43.0100978,-87.93821820454545,53380,5833.57759253699,565,4903.805750558825,53,5729.048190073422,1,7056.028344040829,367,5108.557162367194,1335,5382.1340446342365
1926 S 21ST ST,39.9276993,-75.18093603231456,19997,5075.6718732021745,427,4414.093832589331,228,6638.763682037689,4,5154.6731759259665,639,4455.316858739378,1515,5468.700099101399
2180-2182 S MUSKEGO AV,43.025124198141604,-87.93270949545624,55752,5729.25178925595,564,3772.392988645004,56,5454.698274460473,1,8164.257751789073,360,4482.607037496143,1363,5118.203100577671
1940 S 25TH ST,43.00942405,-87.94488212447683,53779,5838.405103101771,574,5176.545410884114,53,5786.58347576074,1,6520.111450820094,367,5257.0667966351675,1352,5432.920494359629
2012-2014 W LINCOLN AV,38.54430399207408,-121.49658861168164,15294,5193.190941158603,103,3450.761198839737,101,5883.763328984794,4,5707.091463962876,258,4730.391178447065,581,5509.091806632808
2165 S 20TH ST,43.0052101,-87.93846157682773,52258,5891.877120140755,562,5265.6031510222165,51,5760.792295529046,1,6873.560242172591,362,5275.011329451041,1310,5507.07158832653
2610-2612 W LEGION ST,43.00928376633427,-87.94588630673817,53815,5841.282415084389,579,5252.075456418316,54,5875.632697937224,1,6438.011660724522,367,5283.717756399779,1370,5495.955337457153
2121-2123 S MUSKEGO AV,43.025124198141604,-87.93270949545624,55752,5729.25178925595,564,3772.392988645004,56,5454.698274460473,1,8164.257751789073,360,4482.607037496143,1363,5118.203100577671
2148--A S 25TH ST,43.0056833,-87.94461100000001,52814,5879.746296464572,570,5416.877158750109,52,5848.317691128949,1,6406.816423033699,366,5409.157636375643,1315,5468.260626984934
2152--A S 25TH ST,43.005606549999996,-87.94490938932945,52829,5882.104366545942,572,5445.446191049324,52,5853.24965380615,1,6381.056889006649,366,5418.66568533672,1314,5467.4605299594905
2123 S 24TH ST,43.0061649,-87.9442951,52888,5871.58273465952,570,5373.005750637346,52,5827.536220102931,1,6447.2823396604845,366,5379.877959428849,1320,5464.756804896822
2161-2163 S 26TH ST,43.96742450254709,-88.5729289670151,1372,5634.753036144285,33,5673.765533595695,11,6463.584849634434,0,0.0,14,6341.110010735724,123,4532.5948539579
2123 S 26TH ST,43.0062061,-87.9468351950953,53117,5878.668423169115,576,5475.544881191376,53,5921.121739948812,1,6251.4351083726415,367,5441.366777281647,1326,5478.043668813777
2053 S 24TH ST,43.00738315,-87.94403108537676,53203,5859.209899496014,570,5274.76441389344,52,5779.294264270654,1,6509.549997253236,367,5330.303177589211,1325,5429.163306754663
2044 S 26TH ST,43.007572800000005,-87.94626427448418,53397,5859.325199453286,575,5352.9767285701855,54,5941.6196144286605,1,6344.0836566656635,367,5366.3606010988815,1340,5466.913782874651
2041 S 25TH ST,43.00765505,-87.9454370286357,53359,5856.815427131202,573,5311.326687800938,54,5933.876206627713,1,6410.7903828239,367,5345.646998678742,1334,5444.631640112394
2626 W BECHER ST,43.006962200000004,-87.94740500217205,53290,5866.6923295343295,576,5432.996827296843,54,5972.507977675753,1,6234.015271988931,367,5418.258645965465,1335,5474.960898370284
2112 W MIDDLEMASS ST,43.00615845,-87.94069459858713,52639,5873.653689031409,563,5240.543171200254,51,5727.502803268776,1,6727.708523238367,364,5289.671976102403,1316,5468.109451044197
1943-1945 S MUSKEGO AV,43.025124198141604,-87.93270949545624,55752,5729.25178925595,564,3772.392988645004,56,5454.698274460473,1,8164.257751789073,360,4482.607037496143,1363,5118.203100577671
1985 S MUSKEGO AV,43.00879815,-87.9414334419792,53331,5841.511962886993,571,5120.92449929182,52,5708.312162165735,1,6760.801698394103,367,5218.728725604374,1330,5397.536159905987
1902-1904 S 23RD ST,39.951710311601985,-75.17837710998045,23617,4897.452495409455,540,4143.0925082195745,250,6318.706114076601,4,4154.753083600117,676,3668.1570191536975,1781,5396.395750712054
1929 S 23RD ST,39.928054849999995,-75.18384009663896,20043,5072.888096852021,426,4414.257959465911,224,6561.143015155068,4,5271.435838380301,635,4481.8910099983905,1515,5493.036449481984
2307 W ROGERS ST,43.0083657,-87.94265844716773,53355,5848.460215289966,573,5196.146687738927,52,5731.768778832139,1,6650.691291112743,367,5259.965429950939,1328,5402.804055481667
2521 W ROGERS ST,43.008393999999996,-87.94588180280192,53583,5849.965662407125,577,5300.040799086125,54,5908.391437748388,1,6404.024184102988,367,5321.900457184714,1346,5452.920137853471
2110-2112 W LINCOLN AV,38.54430399207408,-121.49658861168164,15294,5193.190941158603,103,3450.761198839737,101,5883.763328984794,4,5707.091463962876,258,4730.391178447065,581,5509.091806632808
2245-2247 S MUSKEGO AV,43.025124198141604,-87.93270949545624,55752,5729.25178925595,564,3772.392988645004,56,5454.698274460473,1,8164.257751789073,360,4482.607037496143,1363,5118.203100577671
1942 S MUSKEGO AV,43.009432000000004,-87.94055426621175,53445,5838.055639637895,568,5028.712416607404,52,5679.749728779455,1,6851.797447062434,367,5175.441478773445,1341,5413.935545146648
2214 W LINCOLN AV,43.003277,-87.94166617529567,52001,5910.828718231553,567,5522.029024499715,51,5849.363880027649,1,6566.039543203334,362,5426.989229500213,1297,5531.791452818047
2024 W ROGERS ST,43.008647350000004,-87.93891182838252,53132,5850.08605867955,563,5010.9850041449445,52,5705.889633008161,1,6949.920215083091,367,5182.997354238064,1329,5416.208344066149
1926 S 30TH ST,43.00969275,-87.95141351725368,54230,5851.680169681098,589,5441.307625285473,54,5906.775287233916,1,6036.058826938538,371,5439.76554329922,1460,5739.118343841504
1900 S 31ST ST,43.010228,-87.952675,54370,5847.515350484983,590,5446.529299265049,54,5902.48055428234,1,5964.808879346915,370,5435.961346734508,1465,5729.2356785633665
2172 S 33RD ST,43.0050756,-87.95515712599469,53077,5912.804752128472,592,5877.385538502803,52,5980.12326002011,1,5568.156316790436,367,5685.2449927599855,1425,5837.672565610207
2054 S 33RD ST,43.00731195,-87.95513435000001,53769,5894.58790528954,592,5726.617580270608,54,6044.102349255532,1,5655.648387752407,366,5571.603718765894,1446,5797.412072699858
2000 S 34TH ST,43.0083245,-87.9563806425463,54058,5889.371458107847,589,5670.978046334572,54,6026.144220996495,1,5603.815708287558,368,5584.379637825866,1461,5797.179047531694
2107 S 33RD ST,43.00641375,-87.95567996743597,53522,5905.683974441083,591,5794.257317376614,54,6086.740002333578,1,5578.384349689158,366,5625.183795098443,1436,5808.567315208396
2106 S 34TH ST,43.006429600000004,-87.9563882132831,53554,5910.124125133499,596,5846.820258784876,54,6097.358755711072,1,5524.989342069871,366,5642.62936901946,1437,5811.129403537877
2215 S 34TH ST,43.00443635,-87.95698246246505,52953,5930.710309291891,585,5915.76030451318,52,6033.487594867785,1,5404.348354134189,366,5750.129978051647,1414,5836.103556680757
3412--A W LINCOLN AV,43.003229399999995,-87.95725815,52576,5942.928585316742,578,5954.279885476274,52,6083.8280398795,1,5341.195308922425,360,5744.4199430435265,1404,5863.696973318558
2254--A S 35TH ST,43.0036051,-87.95762650757374,52710,5942.358057481578,580,5952.122145273785,52,6075.906607484178,1,5325.3412105727775,360,5735.647878901918,1409,5861.1424838620305
3314 W LINCOLN AV,43.0032375,-87.9559872,52561,5936.441588459708,580,5937.264482425904,52,6062.473491568134,1,5440.373833329104,361,5723.966820041286,1399,5847.350120413699
2833 W GRANT ST,43.00474955,-87.95027587402647,52868,5900.848235966713,574,5652.170193291523,52,5929.6829549067315,1,5934.939473670755,362,5524.057715142156,1320,5522.777157959887
2141 S 30TH ST,43.0057405,-87.95198130835158,53285,5901.345696002553,584,5696.74608672079,53,5987.3060103869475,1,5837.052331738036,366,5565.650165663849,1413,5774.52682743034
2133 S 28TH ST,43.005966799999996,-87.94958927484392,53226,5889.634767502227,579,5582.871010557796,53,5952.824502479038,1,6029.870044134575,366,5500.094940777216,1349,5564.735079674866
2139 S 28TH ST,43.00584885,-87.94955807533739,53213,5892.440495443167,579,5590.780570012175,53,5957.041452726914,1,6028.143640405655,366,5504.916498295778,1344,5553.479560573419
2157 S 28TH ST,43.00547985,-87.94956441043658,53108,5896.189123544257,578,5610.5647758250525,53,5971.307433459047,1,6014.86944413554,365,5510.106643999904,1334,5536.745014949165
2100-2102 S 28TH ST,39.93260677815118,-75.19144018725882,20534,5004.308220150409,446,4483.609634645961,228,6435.37451924015,4,5401.595045172897,628,4411.863757935625,1497,5369.420341290186
2026 S 29TH ST,43.0079401,-87.95017271844128,53713,5864.9069455948365,589,5531.643654870963,54,5958.432695132541,1,6058.348751951248,371,5485.267020546842,1448,5782.4340494132575
2062 S 30TH ST,43.00719225,-87.9514461,53550,5875.455222554773,590,5623.8353185515225,54,6000.247603152489,1,5932.085890261768,370,5535.485764389258,1443,5797.841167896967
2056-2058 S 30TH ST,36.04000930598598,-90.52698156196783,153,3277.8030231899047,1,5739.2613980415745,19,4460.827170163026,0,0.0,1,2360.1279430870673,6,4570.589252024831
2008 S 30TH ST,43.00826695,-87.95143238184062,53836,5864.209400209632,590,5547.822675558505,54,5959.36482503589,1,5975.390428906563,371,5500.1325030496455,1449,5767.636280481984
2045-2047 S 30TH ST,36.04000930598598,-90.52698156196783,153,3277.8030231899047,1,5739.2613980415745,19,4460.827170163026,0,0.0,1,2360.1279430870673,6,4570.589252024831
2067 S 30TH ST,43.0070867,-87.95194828905451,53532,5877.6467125752015,590,5644.014166303267,54,6010.0310036501805,1,5889.611530001184,369,5539.792480771854,1443,5801.542826455102
1964-1966 S 28TH ST,39.93260677815118,-75.19144018725882,20534,5004.308220150409,446,4483.609634645961,228,6435.37451924015,4,5401.595045172897,628,4411.863757935625,1497,5369.420341290186
2800-2802 W LINCOLN AV,33.83196265,-117.9945006,18926,6807.055408719496,331,6805.54312987979,56,6107.736045138904,1,7590.430595077773,302,6752.49923251991,820,6891.347099081188
1969 S 33RD ST,43.0087733,-87.95562405036893,54124,5878.239053072885,590,5626.600835854692,54,5997.433588661089,1,5680.053338695892,368,5545.7593487883805,1461,5777.3055188035205
3633 W ROGERS ST,43.008253999999994,-87.96004892523148,54102,5912.523583504915,595,5823.819676269725,54,6095.945139352601,1,5326.233522806553,367,5674.660616825946,1466,5821.298333683082
2218 S 37TH ST,43.00428845,-87.96026489625802,52895,5948.3037205770015,578,5960.803354954954,52,6100.074293897104,1,5146.187587052768,360,5773.047006623704,1434,5907.497990532496
2229-2231 S 37TH ST,39.95450335374969,-75.19652991820846,23912,5032.075614327279,555,4496.634325269704,236,5990.150728949204,4,4998.766807075699,694,4474.685266652199,1803,5740.15435132199
2133 S 36TH ST,43.00583855,-87.95931819500001,53383,5929.658205252302,586,5891.755567657806,54,6171.453251655596,1,5278.410699016529,366,5747.292813649711,1437,5842.697655763925
2653 S 71ST ST,42.9962486,-88.00162077506566,45494,6353.639403974275,514,7472.019154379439,51,7270.042524131557,2,4295.467359179939,318,7104.115796203766,1319,6531.49895843584
2628 S 71ST ST,42.99671735,-88.00102019482759,45823,6347.423046042583,518,7443.195412635329,51,7238.84803723619,2,4357.2845450653,318,7061.712209157588,1332,6531.047849676996
2640 S 71ST ST,42.99646865,-88.00105760043095,45725,6348.95150080438,518,7457.726846034797,51,7248.635954637772,2,4345.79404829159,318,7073.495883399366,1330,6537.552964190041
2625 S 70TH ST,39.91566365,-75.23529482405596,17646,6337.581884058351,393,7039.952019525307,181,6170.507124596463,2,6718.436311125368,559,6963.147556675458,1131,6108.3198322327635
2508 S 71ST ST,42.998976850000005,-88.0010202,46719,6344.562998497991,530,7387.1479566508815,50,7103.960848037815,2,4445.277690832016,318,6970.74686407362,1352,6486.490117195217
2576 S 71ST ST,42.99755305,-88.00102669941089,46171,6347.646765263287,518,7400.063007487906,51,7209.618162601359,2,4387.4210198537885,318,7027.637651800787,1341,6518.462947941982
2561 S 70TH ST,42.99789415,-88.00035408197824,46420,6337.460339219892,528,7405.50257549152,51,7181.89347494059,2,4450.641137833828,318,6988.235623395189,1342,6490.615980975361
2571 S 68TH ST,42.997692,-87.99784425,46838,6309.26342840546,530,7326.16773569252,49,7009.723786609353,2,4632.275980670633,320,6920.816657515412,1342,6441.94727845534
2640 S 69TH ST,42.9964904,-87.99881494957303,46120,6318.389381778559,528,7418.230967415434,51,7195.541032632064,2,4517.895992445772,317,6978.417132913827,1335,6497.899918588368
2564 S 62ND ST,42.9978496,-87.98987589903591,48035,6205.110621929604,538,7058.021556814439,50,6862.235378204923,2,5251.976085767896,323,6645.162323897279,1352,6295.892332018624
2524 S 62ND ST,39.924396200000004,-75.2258991602475,19343,5940.367928414648,418,6185.754057329623,194,6045.954301376265,2,5682.905248644502,610,6314.980553012771,1280,5882.681908781209
2565 S 62ND ST,42.997865250000004,-87.990453484277,47969,6212.154495885029,538,7078.184532665829,50,6876.132845143027,2,5207.375582564745,323,6666.090069509705,1351,6303.515930252504
2564 S 65TH ST,42.997820250000004,-87.99317499393908,47636,6250.262771586412,534,7160.186013670985,49,6886.098188565273,2,4994.684482139279,319,6730.035249812857,1348,6352.026583795346
2530 S 66TH ST,39.920613849999995,-75.23105835917949,18700,6162.207119922014,405,6587.496288181003,181,5927.638593976938,2,6208.692734097634,596,6685.556706966,1209,5975.014192199612
2656 S 66TH ST,39.91900725,-75.22910524055149,18587,6157.783101727649,405,6583.844693263475,184,6082.229455709851,2,6103.196327197245,589,6636.350136315687,1208,5994.600411588481
2628 S 65TH ST,39.92036055,-75.22852091429931,18774,6107.643348714731,407,6482.303664470043,187,6080.264027561169,2,6011.264781430054,597,6579.294651260542,1228,5974.7597602580145
6401 W HARRISON AV,42.997313649999995,-87.99274567661237,47513,6247.596529162277,534,7171.949861921389,49,6894.667633517482,2,5012.745863814312,320,6745.680380956865,1346,6360.600934138494
6312 W CLEVELAND AV,42.99588025,-87.99181252241974,47069,6240.410170530586,533,7212.650210261765,48,6862.568659092951,2,5047.689269123646,317,6743.0442032172805,1334,6374.942195027675
6300 W CLEVELAND AV,42.99588275,-87.99151572474139,47117,6237.341607654837,532,7196.393593932822,48,6855.07958530066,2,5071.21593002665,319,6752.435130183064,1338,6379.893969451065
2623 S 63RD ST,42.99692835,-87.9915870495871,47535,6235.648721051858,533,7145.172898404561,49,6880.073682726963,2,5092.391998472118,321,6729.108044728671,1343,6346.463301708492
6303 W HARRISON AV,42.9973131,-87.9915781695394,47674,6233.170362608551,534,7128.734342852674,50,6927.211418027814,2,5103.7714137937255,322,6722.172202475229,1346,6336.931862064375
2615 S 62ND ST,39.9236261,-75.22440275122729,19328,5927.8964763101485,416,6136.790975220995,194,6084.283585768246,2,5580.594756174189,610,6281.315679632673,1285,5891.279074024792
6230 W CLEVELAND AV,42.995843949999994,-87.99093614965162,47170,6229.788110010555,532,7177.551365685675,48,6842.356713742033,2,5116.161998005896,319,6732.680219012295,1342,6381.285637603084
6166 W KINNICKINNIC RIVER PK,42.99784992712894,-87.97388788137931,49620,6048.912195941118,557,6637.325695353832,48,6357.095980899988,2,6517.13675761891,344,6313.88066266247,1380,6144.7107956586415
6709--A W WICK PL,42.9963232,-87.9961365751462,46575,6290.4624831450565,531,7338.9780074994105,49,7019.117254090758,2,4720.031617119428,319,6905.819753365365,1329,6430.4221152767
6716 W WICK PL,42.99673,-87.99643994930754,46696,6293.911843312546,531,7328.358585053169,49,7010.732051100288,2,4708.553710807069,319,6899.534490229451,1331,6424.013855190116
2637 S 51ST ST,42.99651165,-87.9780003455443,48726,6084.957776392814,548,6791.7760288122345,51,6711.53874873656,2,6161.4200146467,331,6372.497966406777,1364,6209.238499547366
5229 W JERELYN PL,42.99637855,-87.97991451011788,48459,6099.099552503419,545,6842.550149932752,51,6754.894440278433,2,6005.60041575218,331,6442.670704465531,1361,6231.177452748842
5246 W CLEVELAND AV,42.995884000000004,-87.98045814875434,48172,6102.9136609534835,543,6878.6871651701795,51,6786.742078113389,2,5952.591568610069,328,6452.708046214893,1359,6256.658741366413
5300 W CLEVELAND AV,42.995904949999996,-87.98146582522003,48075,6111.588989088055,542,6904.048859156269,51,6806.822967526896,2,5872.241946383656,328,6485.9038065494115,1356,6260.86301040805
5190 W JERELYN PL,42.9973267,-87.97934731787379,48859,6087.962368519932,548,6783.800601999854,51,6704.392639272538,2,6070.492961826164,332,6388.868405315536,1366,6192.50958669945
5551 W JERELYN PL,42.9958915,-87.98333664332992,47906,6131.860838241574,543,6971.903244603821,51,6847.819497756019,2,5722.258865217766,328,6551.464084527231,1355,6285.562238335582
5410 W CLEVELAND AV,42.9959011,-87.98218714514627,48013,6119.399405968769,543,6933.470543954618,51,6822.34178936259,2,5814.412635321556,328,6510.904702485855,1355,6268.369105157855
5404 W CLEVELAND AV,42.9959064,-87.98198656801137,48025,6116.620012325594,542,6920.903026317898,51,6817.819687475541,2,5830.57137345937,328,6503.721722009042,1356,6268.039241540873
5433 W ANDOVER RD,42.9970732,-87.98230377624745,48500,6118.65890311245,544,6871.995516627419,51,6776.491177451442,2,5829.555780679287,328,6459.2696513081955,1360,6228.184186808608
5711 W JACKSON PARK DR,42.9962438,-87.98562652863689,47869,6159.7406719154815,539,7006.019778225164,51,6885.453542107106,2,5546.864851338906,322,6552.083811103962,1346,6279.299683485032
5731 W JACKSON PARK DR,42.99590915,-87.98566634362501,47715,6160.129295220093,537,7016.071018042432,51,6900.1926048519,2,5536.553561065181,322,6569.250770584722,1346,6295.933710725704
"2650 S 60TH ST, Unit 6",26.593340023965162,-80.26276787604529,1524,7448.617620587924,71,6876.342971082661,3,7862.507627381109,0,0.0,17,7808.963266725264,54,7849.155238237914
"2650 S 60TH ST, Unit 7",26.593340023965162,-80.26276787604529,1524,7448.617620587924,71,6876.342971082661,3,7862.507627381109,0,0.0,17,7808.963266725264,54,7849.155238237914
"2650 S 60TH ST, Unit 11",26.593340023965162,-80.26276787604529,1524,7448.617620587924,71,6876.342971082661,3,7862.507627381109,0,0.0,17,7808.963266725264,54,7849.155238237914
"2650 S 60TH ST, Unit 27",26.593340023965162,-80.26276787604529,1524,7448.617620587924,71,6876.342971082661,3,7862.507627381109,0,0.0,17,7808.963266725264,54,7849.155238237914
4434 W SUMAC PL,42.99801575,-87.96945220182343,50018,6020.038398315108,575,6604.622642205957,51,6470.186846403844,2,6875.211512713226,351,6240.538681396612,1386,6114.873512915116
4452 W SUMAC PL,42.99838025,-87.96960497496372,50147,6019.115270581346,579,6608.893453141155,51,6459.456431426024,2,6870.304498873251,352,6237.79594951641,1387,6101.287924680929
4531 W SUMAC PL,42.9983966,-87.97122699171196,50055,6030.128313989884,571,6607.040851114649,50,6423.541200576099,2,6741.0537625408415,351,6276.73322355329,1386,6110.830086370239
4507 W SUMAC PL,42.99835985,-87.97053432680084,50071,6024.454619352234,571,6589.278662180278,50,6409.659866232808,2,6795.610384307056,351,6256.824635711399,1389,6115.2459141917425
4445 W SUMAC PL,42.998066949999995,-87.96997214016494,50009,6023.377406768668,571,6592.130017681527,51,6479.831105195421,2,6834.608017872938,351,6253.9100694500485,1386,6116.418562472939
4703 W MONTROSE AV,42.999934350000004,-87.97269094113877,50521,6031.87820211859,573,6566.046230598693,51,6463.921979255797,2,6659.793710296526,353,6270.499405078241,1409,6115.894076817662
4620 W SUMAC PL,42.999126700000005,-87.97221854195229,50236,6031.198610591837,571,6590.126204522112,50,6417.175737890523,2,6678.064556513627,351,6272.770703421105,1392,6101.862784732675
4749 W SUMAC PL,42.99984405,-87.9735642825431,50409,6037.630442275017,571,6586.718021445899,51,6486.034144046905,2,6588.426433197368,352,6292.377662865274,1406,6120.391054309226
4628 W FILLMORE DR,42.99827205,-87.97225284722795,49938,6037.921998719587,571,6645.319778702648,49,6378.5745365224,2,6656.5317344774485,351,6315.449657282499,1387,6128.632794470774
4702 W FILLMORE DR,42.998311599999994,-87.97243865000002,49944,6039.364918591585,571,6648.356208571206,49,6381.189924253994,2,6642.540769203852,350,6308.858812291138,1387,6128.456743915781
4720 W FILLMORE DR,42.998513849999995,-87.97285820488693,49975,6040.112259256362,570,6642.244083986318,49,6382.776587048875,2,6613.440031493586,350,6312.475988407861,1388,6125.582520591028
4717 W FILLMORE DR,42.998103400000005,-87.97296695556439,49819,6043.584247506916,566,6647.8354864527255,49,6401.368167835486,2,6595.972259690688,346,6293.324384559588,1384,6134.932002684556
4929 W JERELYN PL,42.99663565,-87.97586418891316,48992,6069.734598583659,547,6712.807428131056,49,6525.99547235636,2,6334.945551150118,336,6351.320462624814,1366,6184.562633670561
4822 W CLEVELAND AV,42.99592005,-87.97481064997024,48803,6065.43543163423,548,6733.124099871226,48,6459.913913288444,2,6406.805563927186,336,6353.11713411395,1365,6205.774409091315
4320-4322 W CLEVELAND AV,36.14558871627244,-115.15923516964851,10967,6338.538278408947,197,4448.7444585143085,81,5951.082210672313,9,4929.912563771183,625,4610.51329748331,1147,5399.8207388023275
5101 W LINCOLN AV,46.60365,-120.5762,1152,4642.539577995898,25,5853.606850276477,6,4110.037804983221,0,0.0,44,5477.160384437221,289,5567.711750345636
2554 S 30TH ST,42.9983093,-87.95160284919677,50841,5964.465444073335,567,6101.081037690864,52,6204.8867780803685,1,5655.085615973092,352,5767.3298175994405,1270,5660.910914739376
2568 S 29TH ST,42.99798405,-87.95033968900285,50705,5965.258101489088,565,6086.801420680764,51,6131.859064326063,1,5749.74329074972,351,5746.196987483193,1266,5662.9089251924415
2636 S 31ST ST,42.996815,-87.95280471104402,50368,5982.933257263033,567,6234.829878252055,50,6130.253227941995,1,5529.572311985316,352,5877.333665763107,1280,5771.859929841658
2624 S 31ST ST,42.99705965,-87.9528143,50452,5980.576173270133,567,6216.994462893948,50,6120.186095085797,1,5533.26478880248,352,5863.806246421243,1278,5752.750009404144
3105-3107 W FOREST HOME AV,42.999526820803524,-87.9501720209046,51183,5947.539434259579,565,5968.7682211787715,52,6138.222894699467,1,5796.121353426833,352,5668.9565316534745,1270,5598.392693338016
2741 S 29TH ST,42.99492625,-87.95091264889192,49596,5990.318992396861,565,6327.494248047514,50,6191.163973711352,1,5652.638877428271,351,5934.594054965299,1281,5872.645079955145
3314 W HAYES AV,43.0014057,-87.95603707750766,51911,5948.597850288852,575,6029.500850692868,52,6135.1643504045405,1,5379.789471335964,355,5744.298561108716,1346,5773.040370615447
3310 W HAYES AV,43.00139765,-87.95592553561548,51922,5949.33818806019,575,6027.521701010006,52,6133.73412268655,1,5388.336225002475,355,5741.889070937871,1341,5757.338901308301
2351 S 33RD ST,43.00190085,-87.95569181347584,52059,5941.838262931056,576,5994.1588366335145,52,6110.043187864813,1,5421.524345355963,356,5722.683102655949,1352,5767.555848605947
3313 W HAYES AV,43.001077699999996,-87.95593744989486,51796,5950.644224787069,576,6056.8787092986495,52,6146.778576196507,1,5378.243544892523,355,5758.495857591206,1331,5740.693847918296
2446 S 34TH ST,43.0001777,-87.9565194,51443,5956.7118737013125,577,6138.871559831647,52,6192.633143364397,1,5307.584320174186,354,5807.831365154801,1311,5720.752378662307
2453 S 33RD ST,43.00010445,-87.95573715,51429,5955.291703685235,576,6120.068262014912,52,6183.336510143955,1,5367.625451542868,353,5780.0436271261315,1294,5664.92610637382
2445 S 33RD ST,43.000262649999996,-87.95574367851637,51510,5956.101445797471,577,6115.987369159058,52,6176.93351897513,1,5371.262732505383,353,5771.9397362618665,1298,5670.832606431646
3403 W ARTHUR AV,42.999251900000004,-87.9569766097454,51018,5957.835544175666,576,6206.651848296294,52,6238.448036698808,1,5247.587257724296,354,5867.349570026211,1290,5697.3600323505125
3427 W ARTHUR AV,42.9992379,-87.95765365,50983,5958.5911274730615,578,6235.909067806756,51,6176.830853079981,1,5193.425444233553,355,5896.701433085568,1302,5740.817678294918
3135 W LINCOLN AV,43.002901550000004,-87.95402452470901,52404,5929.840562273599,584,5943.0891307173915,52,6046.173613921594,1,5582.831717233192,361,5691.86870098313,1343,5688.4113151464735
2367 S 31ST ST,43.001636149999996,-87.95320601525424,51968,5937.388607158997,575,5950.513034570984,52,6085.271185004398,1,5609.418915806578,354,5650.875404944763,1293,5579.666241571645
2339 S 31ST ST,43.002196749999996,-87.95320390054297,52185,5935.092663245927,579,5939.16328220361,52,6062.857038364245,1,5625.789600110748,359,5683.177701618333,1299,5573.6587138269015
2319 S 31ST ST,43.002615750000004,-87.95318903091716,52314,5930.849422746415,585,5951.460568761768,52,6046.103123902616,1,5639.4858586298205,361,5685.652239740018,1310,5591.2965076834635
2338 S 33RD ST,43.002164699999994,-87.9551920084549,52142,5937.633965296368,576,5964.467526665066,52,6091.983717938191,1,5468.693006002411,356,5697.0604000405565,1342,5722.199889688618
2362 S 33RD ST,43.00169205,-87.95519555484051,51998,5942.6602850178215,575,5990.385168284394,52,6110.792841026433,1,5454.348023103735,355,5708.704479821748,1328,5699.675658187406
2636 W HAYES AV,43.0015353,-87.94756949754098,51862,5933.865951333668,574,5832.491011211934,52,6032.722802515428,1,6052.319711674389,359,5590.934997558876,1285,5552.870817908753
2327 S 26TH ST,43.00249875,-87.94686572549867,52090,5920.460977030695,569,5706.692570905859,52,5988.740346849247,1,6133.866332441135,360,5538.1490548628,1293,5535.1436043331205
2816 W HAYES AV,43.00152085,-87.94995062529435,51922,5935.670128336671,577,5903.493801847296,52,6053.2653324383655,1,5863.36518266311,360,5654.568553135576,1286,5555.906393062228
2455 S 29TH ST,43.0000941,-87.95086901134573,51455,5948.786578004503,567,5955.197489033953,52,6121.258256731544,1,5753.982922778815,352,5653.378313908932,1273,5581.149768548566
2809-2811 W HAYES AV,41.99999371341799,-87.80101344541053,27291,6901.0088556207,184,6709.49402988032,47,7234.035276230072,1,8064.80543175595,318,7223.354260327234,1327,6946.250035119967
2426 S 29TH ST,43.0006856,-87.95034449520796,51716,5948.473736658829,571,5929.789917942987,52,6091.367254209744,1,5810.352039221775,357,5671.59183779337,1278,5569.063538652513
2430 S 29TH ST,43.00059195,-87.95034745000001,51675,5948.548587183633,570,5929.559026813413,52,6095.273675411982,1,5807.754203562623,356,5664.493973656184,1277,5570.166301416492
2518 S 31ST ST,42.998995699999995,-87.95279942402907,51080,5959.835714757842,568,6082.01317769599,52,6189.231689189527,1,5574.329628826112,352,5756.377917837378,1275,5645.451201354324
2519-2521 S 30TH ST,36.04000930598598,-90.52698156196783,153,3277.8030231899047,1,5739.2613980415745,19,4460.827170163026,0,0.0,1,2360.1279430870673,6,4570.589252024831
2003 W LINCOLN AV,43.0028231,-87.93846287286237,51619,5920.125832761978,562,5460.910349843701,50,5776.936167990556,1,6807.794239352471,360,5375.388697836034,1291,5557.212609483766
1725-1727 W LINCOLN AV,38.54430399207408,-121.49658861168164,15294,5193.190941158603,103,3450.761198839737,101,5883.763328984794,4,5707.091463962876,258,4730.391178447065,581,5509.091806632808
2356 S 18TH ST,43.0017527,-87.93533229924469,50977,5936.0027523531435,559,5478.351228432535,49,5736.7809855059295,1,7031.142946681914,359,5380.350958647687,1277,5594.95107891617
2334 S 19TH ST,43.002170899999996,-87.93686380589816,51272,5929.440474645048,559,5465.225471699902,50,5804.4770034705825,1,6918.816219014966,359,5376.13260283476,1282,5574.009812645998
2406 S 19TH ST,39.92148315,-75.17868869066177,19347,5298.177243676707,422,4831.632029824275,227,6852.276193027799,3,4056.2204184558664,627,4755.042442373191,1461,5613.666175478665
1828 W KERNEY PL,43.00035885,-87.9365293526183,50671,5947.3935707327055,559,5614.338478973071,49,5800.361816222006,1,6905.102711453663,356,5436.339556869438,1269,5624.502969007231
2439--A S 19TH ST,43.0003546,-87.9373766486392,50780,5948.171864287742,561,5642.983515688898,50,5885.557906418179,1,6837.148468404182,354,5421.714644763245,1269,5615.550209755097
2321 S 19TH ST,43.002528749999996,-87.93735061716418,51401,5922.851621111455,560,5450.9253056434745,50,5788.806591664251,1,6888.769374417943,360,5375.766840560253,1287,5568.438513600405
2554 S 20TH ST,42.998117050000005,-87.93808565,50064,5963.853258699447,553,5784.987239104041,51,6068.963007545431,1,6737.615828720689,355,5575.645034883589,1264,5708.196862794025
1566 W WINDLAKE AV,43.00086845,-87.93314387036847,50318,5938.763186954464,557,5510.725768728207,49,5780.466426275287,1,7186.871272844529,358,5394.45860199813,1268,5637.72170486131
1332 W HAYES AV,43.00146705,-87.92958507467105,50073,5947.015375730404,555,5408.2311557458925,49,5770.273732424918,1,7484.377723351097,355,5288.097436766082,1255,5617.142406956198
1405-1407 W LINCOLN AV,38.54430399207408,-121.49658861168164,15294,5193.190941158603,103,3450.761198839737,101,5883.763328984794,4,5707.091463962876,258,4730.391178447065,581,5509.091806632808
1439 W WINDLAKE AV,43.00252855,-87.93033180587122,50452,5930.905086482099,557,5338.651157402057,49,5717.64225402937,1,7447.883781004208,358,5273.151326080103,1265,5584.478431222244
1467 W WINDLAKE AV,43.00208615,-87.93083514655756,50428,5936.550673858159,557,5381.494955979879,49,5734.638065039571,1,7397.739216051725,357,5289.392763150614,1266,5602.768470017335
2514--A S 15TH PL,42.9989042,-87.93229607267867,49471,5949.305806042964,555,5658.102598748664,49,5875.128307808683,1,7217.5642415852135,353,5437.820844475447,1257,5715.766804352295
1411 W HAYES AV,43.00111305,-87.93030776584057,50026,5944.615012901285,556,5453.404857770474,49,5781.804245410385,1,7419.147549333842,355,5314.636324075652,1253,5616.6319692848465
2438-2440 S 15TH ST,39.952010878921236,-75.16539553191687,23222,4914.293285940631,533,4160.257291456957,261,6516.544437183811,4,3725.332008809869,667,3304.6181322220446,1702,5062.794054497022
2466 S 15TH ST,42.99982625,-87.93104222395436,49639,5947.249796825403,555,5564.794134264037,49,5837.272693235638,1,7335.02178480501,354,5384.1061497968585,1257,5686.479219412413
1337 W HAYES AV,43.00119101461863,-87.92904679525334,49874,5948.465885972478,555,5428.433752623338,49,5786.72789653837,1,7521.804028880745,353,5273.381234503638,1245,5605.780656514336
1408-1410 W HARRISON AV,30.005674142534325,-90.11732047803292,3300,6333.710408243616,175,7101.572509452215,175,6858.326987361306,5,7404.29847854121,456,7335.828433520369,992,6757.9947465794
1628 W WINDLAKE AV,42.9997614,-87.93417660284479,50094,5947.062312939774,557,5619.01392364998,49,5829.335447936972,1,7081.931086232386,358,5469.741582301042,1266,5674.204427573882
2460 S 18TH ST,42.999921099999995,-87.93539774932847,50365,5949.789853410379,559,5636.313668252952,49,5820.4900570677755,1,6986.992538545901,357,5461.0740147609,1267,5653.554084421785
2432 S 18TH ST,43.00049665,-87.9353766290597,50542,5944.067822663787,559,5586.423380721332,49,5793.855056555127,1,7000.302792910698,357,5427.269284727222,1270,5634.345783107481
2665-2667 S 13TH ST,39.915269720178614,-75.16952163646272,18571,5576.447595776104,418,5292.064102742753,222,7015.641627260674,3,4352.678456960384,619,5060.650510741228,1431,5820.006644985214
2671 S 13TH ST,39.91692957142857,-75.16904099999999,18673,5492.800833244545,419,5163.510494717271,229,7044.453099661398,3,4167.759597755542,620,4921.9518738429615,1436,5725.274849358706
1322 W CLEVELAND AV,42.9957925,-87.92963420895305,48314,6002.837707082704,551,5886.988325934186,45,5667.520554703493,1,7387.6114564157315,352,5597.661519222918,1234,5852.269662921967
2630 S 14TH ST,42.9969468,-87.92970331777434,48661,5988.353843144197,554,5804.498703350263,46,5708.3043060690015,1,7396.6479306207,352,5524.570471126395,1241,5810.34520743044
2645 S 14TH ST,42.996706200000006,-87.93024090511429,48661,5989.3898492794415,554,5830.089105389422,46,5716.95379213844,1,7349.891693449592,352,5543.433729517055,1239,5807.526998990505
2649 S 14TH ST,42.996624049999994,-87.93024243413683,48635,5990.217654983819,554,5837.573393240831,46,5720.764712503942,1,7348.679451358978,352,5548.637364520992,1237,5805.273876084675
2669 S 14TH ST,42.9962096,-87.93024417594253,48522,5996.021051330787,553,5867.826964120616,46,5740.12484328193,1,7343.217502498495,352,5574.971409973248,1239,5835.0810995292695
2654 S 15TH ST,42.99647785,-87.93109441670154,48677,5987.304772431864,553,5849.734528367173,46,5724.336260826979,1,7277.771959077252,352,5564.227198290485,1243,5819.3192552377695
2642--A S 15TH ST,42.99671645,-87.93112425080082,48753,5984.448247753476,553,5828.298160525625,46,5713.121275663673,1,7278.521536610438,352,5549.413630923661,1244,5809.000202385808
2654 S 16TH ST,42.996498149999994,-87.93325932598853,48937,5980.6676880175355,551,5852.060979772452,46,5718.787637739506,1,7102.760589312468,352,5582.054941833739,1248,5801.483112873398
2720 S 16TH ST,39.916681600000004,-75.17488612040573,18685,5464.2196101943655,419,5179.043563721109,226,7020.934779653068,3,4346.802465976444,619,5006.526212602531,1425,5753.430050403521
2356 S 20TH ST,43.001781449999996,-87.9378359482243,51259,5932.591125033923,560,5521.424823219667,50,5821.739344767419,1,6832.143000923008,357,5385.291229214672,1280,5576.796778657031
2369 S 17TH ST,43.00148995,-87.93478434594357,50819,5938.405406935304,558,5485.291180862102,49,5749.003414120228,1,7068.986338826339,359,5388.977408682654,1272,5597.68699158418
2540--A S 16TH ST,42.998376199999996,-87.9332202559941,49431,5953.400083830043,555,5714.254871608551,49,5897.301403301971,1,7134.128452620852,352,5465.748465822942,1257,5730.326955161364
2478 S 10TH ST,42.9995995,-87.92465536911696,48691,5981.255151197896,553,5533.99840748654,47,5721.945308686693,1,7845.054275667684,345,5235.349064113762,1200,5615.742738669375
2450 S 11TH ST,43.000168349999996,-87.92585761473502,49135,5976.362928462512,555,5502.425584142508,47,5683.680459705668,1,7758.249315668549,351,5288.110093439884,1230,5667.842675096528
2425 S 11TH ST,39.91913485,-75.16524049081508,18826,5434.774129011124,421,5030.331804360239,233,7013.732609142823,3,3893.7197728692354,628,4777.203732047035,1451,5616.19351303888
2424 S 13TH ST,39.9197834,-75.16870701521998,18931,5370.96263297771,419,4923.334071001603,236,7033.303492264993,3,3860.4843546876623,627,4736.724902425088,1453,5597.993851384387
2340 S 8TH ST,39.9195767,-75.16066097791263,18837,5490.043296222629,420,5043.689202313123,231,6965.378629298216,3,3858.630832229353,630,4753.340751581406,1454,5590.689793531749
829-831 W LINCOLN AV,38.54430399207408,-121.49658861168164,15294,5193.190941158603,103,3450.761198839737,101,5883.763328984794,4,5707.091463962876,258,4730.391178447065,581,5509.091806632808
2327 S 8TH ST,39.9198351,-75.16027445565118,18841,5482.237592478151,420,5028.630176471952,231,6956.014788802583,3,3836.8015020235484,630,4732.888440276366,1457,5584.142763448855
2415--A S 9TH ST,43.00090825,-87.92273217436869,48769,5980.43061284665,554,5421.87463191237,47,5686.923707847271,1,8023.188755016394,339,5059.168883418808,1196,5568.701642351904
2455 S 9TH ST,43.00008565,-87.92270960081717,48542,5989.89966515583,552,5479.518948225589,47,5724.093349153327,1,8010.1684550607515,337,5081.398407499707,1187,5581.435910140542
2470 S 9TH PL,42.99974415,-87.9234208990219,48499,5983.900335441359,552,5510.862284102744,47,5730.187271660101,1,7946.988296996783,342,5178.601770674611,1191,5600.1983646716635
2434 S 9TH PL,43.0005086,-87.92340635935943,48760,5979.737295043097,553,5450.024296501619,47,5695.9357093679955,1,7961.615860442523,340,5101.680178044579,1193,5565.241618456848
2469 S 7TH ST,42.999762149999995,-87.92027477930094,48041,6010.402622086679,552,5511.647260910919,45,5584.917703859998,1,8200.888346996067,337,5094.066166249369,1180,5629.524344577683
2480 S 8TH ST,42.999547899999996,-87.92100098015018,48069,6004.258201670815,552,5529.589361724585,45,5583.281484339408,1,8138.80485914151,337,5109.528454223103,1181,5627.929758312016
2410 S 8TH ST,39.91909245,-75.16077848351648,18804,5510.947731767598,420,5082.2685446074875,231,6981.082208509041,3,3905.1262719729384,630,4793.637900006749,1449,5605.028876857267
2455 S 6TH ST,40.572593352931115,-75.45639185956156,4329,6245.982047553122,49,6845.595131762298,49,6594.835403469755,2,4960.251239392863,250,6862.5802660343215,1212,6527.602974142715
2457 S 6TH ST,40.572564137241486,-75.45636281274875,4329,6247.533229915763,49,6846.116799838607,49,6596.826254472522,2,4964.095464048442,250,6863.835540254314,1212,6529.223966000274
2491 S 6TH ST,40.57199143010663,-75.45542680606955,4330,6285.075954621438,49,6849.255462325585,49,6632.041117153556,2,5056.644719115454,250,6882.888703285246,1214,6562.726440922463
2450 S 7TH ST,33.42414335,-112.0664099,29284,6091.593820768058,289,6984.395363319249,50,6496.801932497908,3,4898.166453048233,238,6083.440657619837,965,6506.033463602611
2512 S 7TH ST,39.917595250000005,-75.1595061124359,18717,5613.688692764376,419,5218.286675555095,225,6943.663487893995,3,4062.6470878512787,629,4916.11699819981,1446,5689.401586683107
2500-2502 S 8TH ST,36.737688073570645,-88.63711959547373,155,2984.6733170933026,0,0.0,1,980.2357245445891,0,0.0,5,2053.4559572513303,25,2117.058034167457
2526 S 9TH ST,39.91774205,-75.1627043682214,18725,5544.1134388365035,420,5167.245412297878,226,6964.587906650316,3,4032.9444843560227,628,4889.563372381615,1440,5663.254339081947
2558 S 9TH PL,42.997932,-87.92347420207088,47911,5996.447667231151,552,5675.9538292832485,45,5621.724776467026,1,7914.323251305565,338,5239.51800892639,1184,5676.142845746916
2512 S 9TH PL,42.998846549999996,-87.92346514590281,48183,5987.5629706279815,552,5592.409944088019,46,5677.230565270882,1,7928.745785679225,341,5222.018274393597,1189,5642.525056728325
2511 S 9TH PL,42.998936799999996,-87.92410217100964,48327,5984.276702112275,552,5584.980047797156,46,5665.387389429432,1,7878.753433482474,344,5260.9918398265945,1193,5638.639245414117
2518 S 10TH ST,39.9180778,-75.16422552662695,18755,5503.044607245287,420,5119.169184380138,227,6969.839720927186,3,3999.4140028131296,626,4846.759424992977,1447,5666.400868027311
2517 S 10TH ST,39.9180769,-75.16390318026316,18759,5509.407037624102,420,5123.146322135155,227,6969.178654038068,3,3998.8455466336436,627,4854.338210017516,1447,5665.682670447788
2543 S 10TH ST,39.91752885,-75.16399500858188,18734,5538.133950759684,419,5156.893668996282,225,6961.341767600893,3,4055.679249620271,626,4892.962945850961,1441,5682.21433884406
2512 S 11TH ST,39.91839895,-75.16577596945618,18778,5463.221307352356,420,5075.272288670932,232,7026.592136828609,3,3973.085045036114,625,4816.660576970381,1446,5648.236294266367
2501-2503 S 11TH ST,39.949639614717825,-75.15876379846807,22527,4951.448626696525,509,4173.698757201115,256,6517.849220479292,4,3617.178615501133,649,3147.064997832659,1607,4815.1054110200075
2548 S 12TH ST,39.9178096,-75.16753330343576,18758,5472.877483991324,419,5098.192184409678,231,7036.284733656261,3,4051.9026229790447,623,4860.113375123858,1441,5677.07690464365
2539 S 12TH ST,39.918018849999996,-75.16713094606594,18767,5466.48670242732,419,5083.537200348542,230,7015.410169289493,3,4025.047453599435,623,4839.692848240219,1441,5662.200175965438
2558 S 13TH ST,42.997937,-87.92831289691597,48712,5978.145338151119,554,5706.246142013392,46,5671.16673047288,1,7523.27445738934,351,5440.481302580166,1232,5749.643178556013
2639 S 12TH ST,39.91682745,-75.16738084660278,18673,5520.100571746898,418,5171.461691093136,228,7032.377174521154,3,4153.962213837537,622,4934.663639977191,1436,5723.346165578758
2623 S 7TH ST,39.916127,-75.15949773379282,18629,5690.762692089013,418,5331.890841993726,219,6908.35047913678,3,4210.153021478957,628,5033.652085774963,1437,5756.005078044035
2610 S 8TH ST,39.91660655,-75.16131405775575,18709,5641.380416060165,419,5272.259376574046,227,7010.982392068849,3,4152.20712784412,628,4987.446951944726,1436,5721.770990471206
2619 S 6TH ST,39.9160071,-75.15791099794774,18581,5721.432448913871,418,5371.37662801789,220,6918.030446578314,3,4235.180927226808,626,5035.519799085495,1434,5757.06112070076
2327 S 7TH ST,39.919686,-75.158721033823,18822,5519.770647684316,421,5080.754506017607,228,6914.141063425884,3,3866.8438349319113,633,4776.8009366507,1460,5603.550599999292
1207 W LINCOLN AV,43.0027508,-87.9275771,50163,5943.346856983678,555,5281.932790908595,49,5728.317025206609,1,7672.815127159641,352,5158.665912038847,1251,5572.191528033573
2341 S 12TH ST,39.9202602,-75.16660420581607,18934,5368.249360345993,420,4910.838717357227,238,7040.578517065553,3,3785.638693961139,629,4698.335428674624,1456,5568.094954152825
2400 S 12TH ST,38.6037075,-90.21106073598409,17584,4703.092096941167,596,4869.66984866986,71,6718.438141605597,6,4861.003085389882,272,5220.477852396013,516,5379.61167495749
2407 S 9TH PL,43.00105675,-87.92396514708588,49042,5973.618972629284,554,5409.743957387383,47,5664.6334426867725,1,7926.919722343038,344,5127.796953531737,1205,5567.737015897207
2601--A S 3RD ST,42.99753715,-87.91452550023217,46338,6078.421202251233,552,5748.95635012828,43,5578.542901238209,1,8633.453108082538,334,5207.398618389722,1158,5832.023475090872
2643 S 3RD ST,39.9148799,-75.15290021724806,18491,5896.710809880775,416,5554.624846806901,218,6897.248817993067,3,4413.860762136016,626,5174.226380177267,1441,5865.704055412805
2419 S 5TH ST,39.9182682,-75.15579337413982,18674,5642.7995306995335,419,5235.577542513297,223,6875.37929974578,3,4040.711879700991,630,4890.371376784285,1448,5660.603214485252
2435 S 5TH ST,39.917933500000004,-75.15585280188199,18661,5660.034177565578,419,5262.190542733046,222,6872.289901586597,3,4071.7081649094994,629,4909.875009727217,1447,5678.335378687794
430 W HARRISON AV,42.99785145,-87.91660793715582,46776,6053.091962568983,552,5703.66524209063,43,5530.052334865766,1,8468.82460718195,337,5221.572730729355,1167,5786.236787725039
309-A W LINCOLN AV,43.0026278,-87.9145563,47841,6039.370430727436,554,5302.45815255326,45,5563.588919777412,1,8712.781003596554,336,4911.604093655046,1196,5689.201929142008
2506 S 6TH ST,30.24161,-97.766435,25180,6113.556816602274,316,5873.986026935197,24,6023.124750200135,3,7982.650886332175,422,4786.854769851739,689,5261.671670696256
329 W ARTHUR AV,42.99896,-87.9151573,46830,6056.811401167094,552,5612.751364771046,43,5507.164146692266,1,8601.598600580675,337,5153.152018025441,1167,5765.346966930328
2428 S AUSTIN ST,43.0003836,-87.90670372521429,45275,6119.67580975532,550,5577.275451604493,42,5529.791545702219,1,9305.950193984585,328,5002.054191106063,1129,5831.971305136024
324 E WILSON ST,43.000258450000004,-87.90615877268478,45070,6122.991816057047,549,5590.3041843612755,42,5549.520961318839,1,9348.056754157491,326,4987.34629139152,1123,5836.645877157566
2437-2439 S HOWELL AV,42.950424250008574,-87.90981905189892,28322,6334.594584567202,231,8801.460632155093,25,6015.103281801941,1,9924.38282211037,212,7263.544454662388,708,7496.438007557416
338 E SMITH ST,43.00127565,-87.9057075556949,45194,6117.298475911748,549,5507.003366479174,42,5521.281456261015,1,9400.506678912188,328,4961.185480225996,1135,5843.444250364295
2433 S AUSTIN ST,43.0003048,-87.90722056172493,45391,6115.962663286511,550,5575.405236605454,42,5519.363704696093,1,9263.001704951204,328,4999.820430070771,1134,5835.677377152582
2459 S BURRELL ST,42.999796849999996,-87.90829510706331,45553,6112.726364378005,551,5611.786066704257,42,5512.859748211326,1,9168.536208855116,328,5018.812503518946,1141,5850.026912175541
2527 S BURRELL ST,42.9985549,-87.90831375184283,45144,6115.74691922023,549,5708.956028000352,43,5665.500773506009,1,9149.654796833285,327,5084.772462618696,1125,5857.7894164100635
2519 S AUSTIN ST,42.9987254,-87.90727718713602,44898,6120.478065447658,549,5710.077292540698,43,5683.738275282934,1,9235.832351773051,326,5070.970181340971,1115,5848.545896667876
2522 S BURRELL ST,42.998639499999996,-87.90782108064226,45020,6117.184292635639,549,5709.0164825033935,43,5673.895028366689,1,9190.660415812044,326,5069.821918744739,1119,5848.489269780478
2518 S BURRELL ST,42.998713300000006,-87.90784723512124,45054,6117.0312359791005,550,5709.701033084891,43,5670.353107496583,1,9189.522312824476,326,5064.646579606708,1120,5847.256035715428
2568 S BURRELL ST,42.997552049999996,-87.90788649999999,44778,6128.453379996655,548,5799.891284196334,42,5612.669868351748,1,9171.764074524508,324,5111.401590880734,1119,5905.675704836837
2641 S AUSTIN ST,42.99582255,-87.90728993141778,44178,6149.575739217976,544,5938.11410304057,41,5588.692832670735,1,9201.849843374135,318,5145.2789945757495,1096,5937.727342805251
2499 S GRAHAM ST,42.99889375,-87.90387588097656,43991,6144.023447952623,543,5709.35614016539,42,5661.99960075915,1,9513.443279551195,317,4971.111068877243,1091,5876.82968735616
538 E OTJEN ST,42.9982275,-87.90272261436297,43544,6163.110190976112,542,5785.561988451432,42,5718.395031776746,1,9598.47637021447,317,5035.363234218435,1077,5904.686570520152
606 E DOVER ST,42.9973181,-87.90199809618255,43216,6186.2007266729515,542,5883.57286185058,41,5668.889653078124,1,9646.77260616861,316,5093.3903432856605,1068,5948.32101546267
548 E DOVER ST,42.99723565,-87.90231589999999,43279,6183.600641832401,542,5884.332132615983,41,5662.960816819047,1,9620.086199210815,316,5092.714614067502,1070,5947.722290978646
542 E POTTER AV,42.996310300000005,-87.9018910016568,42984,6200.374206768031,542,5977.664387336546,41,5709.758190986786,1,9645.135451680948,315,5147.665440014541,1062,5984.606812779296
514 E POTTER AV,42.99611055,-87.90263334534947,43144,6196.0212973574835,542,5980.50014656525,41,5696.800565967044,1,9582.922584221957,315,5147.538479428576,1067,5985.22351356511
428 E RUSSELL AV,42.99587075,-87.90367943232508,43280,6181.387291974998,542,5981.778399750008,41,5677.839194568697,1,9495.686807445909,316,5161.499318090937,1068,5961.960663920011
325 E SMITH ST,43.00090795,-87.90615076520075,45222,6116.629838347766,550,5539.999735282439,42,5523.609105051291,1,9358.804382775124,328,4977.182234655299,1137,5853.708908780771
2572 S HOWELL AV,42.9972929,-87.90460911304524,43813,6153.780078726392,543,5841.235545001956,41,5598.49998739357,1,9434.628201427886,317,5064.644808224966,1083,5905.225815219554
2346 S HOWELL AV,43.001849899999996,-87.90453976715037,44982,6119.964137989122,548,5469.976658036195,43,5634.942023623347,1,9504.219875262557,324,4883.89312241593,1123,5813.424644316907
2337 S KINNICKINNIC AV,43.0020792,-87.90388210212464,44816,6120.737478610958,546,5446.276195396685,43,5644.576331247887,1,9561.118353449705,322,4851.290803940795,1112,5785.313585750175
2454 S HOWELL AV,42.99990015,-87.9045405,44506,6136.886301962741,543,5604.833113722164,43,5709.819846729379,1,9473.53477075479,319,4926.948805192822,1104,5846.323268737314
2462 S HOWELL AV,42.99970565,-87.90453651562163,44470,6139.759042857713,544,5630.647643607176,42,5614.582245724298,1,9471.068159237115,319,4939.35935865512,1098,5834.160423762197
212-214 E SMITH ST,33.86581261709921,-118.18934875622486,12844,6885.407759750449,77,7912.546848325698,75,6571.761472115999,5,6519.193480392565,215,7671.159109649177,802,7650.427015532034
332 E CLARENCE ST,42.9994581,-87.90598076653899,44807,6130.318408180108,547,5650.089395083094,43,5688.108936471767,1,9350.758924349304,325,5026.126547127538,1109,5834.026757897598
525 E DOVER ST,42.99668775,-87.90282193181957,43295,6185.091660942261,542,5923.834112612328,41,5669.439168609356,1,9573.255863351662,316,5120.161462119356,1068,5949.9866386825715
519 E DOVER ST,42.9966374,-87.90291433918442,43301,6184.132648443556,542,5926.56195020739,41,5668.814889927005,1,9565.241346724437,316,5121.9216860984925,1069,5952.941464406197
827-829 E LINUS ST,43.0018074349228,-87.90002165774986,43744,6169.4480752220425,530,5421.9880463326035,42,5670.795692967863,1,9867.777194095679,313,4814.450933590839,1069,5791.895552958226
609 E LINUS ST,43.0016583,-87.90122047305297,44012,6154.403668736867,539,5484.011029035767,42,5638.89917619163,1,9768.655250830256,315,4824.5078238234655,1080,5792.589732964506
2381-2383 S WOODWARD ST,43.001237618620564,-87.90087440574382,43847,6164.271367909093,539,5529.940824301931,42,5665.47109995858,1,9789.866473555327,313,4824.814655809497,1077,5817.982682798382
2382 S KINNICKINNIC AV,43.001468700000004,-87.90273755741259,44353,6137.060085253548,541,5483.712942254896,43,5702.182821519333,1,9643.203921908738,316,4815.6180301141,1092,5787.046384691224
2443 S LENOX ST,42.999869399999994,-87.89830055,42935,6216.2612518525375,529,5633.421701604149,42,5793.241778572857,1,9977.817544016794,312,4958.184137493391,1038,5847.323475085617
822 E HOMER ST,42.9997206,-87.89872374981017,42992,6210.069383970233,529,5636.726031320457,42,5784.564010076092,1,9941.543084726845,312,4955.1326975979655,1034,5821.04028326144
2520 S LENOX ST,42.99903155,-87.89783164751508,42507,6219.802767679845,527,5705.63726364555,42,5836.649891312347,1,10004.765800804926,309,4972.4252975728505,1024,5856.619337903598
2558 S LENOX ST,42.998066550000004,-87.89786180011866,42306,6228.766536267372,528,5802.047930892223,41,5767.45323566963,1,9990.714236758688,309,5030.257074450534,1018,5883.446142894045
902 E POTTER AV,42.997232,-87.89792932621012,42155,6237.357322899184,533,5916.017962370215,41,5793.879863485689,1,9976.110263695722,309,5080.58480841308,1015,5914.180992740729
2539-2541 S HOWELL AV,42.94684755,-87.90959325,26776,6299.994189014707,173,8771.67552437917,25,6217.152129516572,0,0.0,179,7052.940776138067,638,7503.142665173113
801 E POTTER AV,42.99673345,-87.89922956865378,42370,6224.697338876195,536,5953.250143455096,41,5771.605854720483,1,9865.455627911071,310,5096.82115647116,1035,5966.023655244514
705 E POTTER AV,42.9964372,-87.9001963298629,42586,6219.049136935645,538,5973.1170603434775,41,5753.751673372582,1,9784.030424040306,312,5126.891406037064,1046,5985.160784424948
530 E RUSSELL AV,42.9958786,-87.90206778866657,42940,6204.024962005276,541,6005.995357156103,41,5721.509513712591,1,9626.737460115412,314,5158.4894082265855,1061,5997.451734695401
606 E RUSSELL AV,42.99580465,-87.90126256188776,42716,6213.55482601279,540,6022.309462306241,41,5747.106423061191,1,9691.519971817497,314,5179.104898814908,1054,6006.958246419299
925 E LINCOLN AV,40.075374499999995,-82.9939725,11579,7020.480147063669,115,7126.359924543802,37,5980.743865013701,5,7808.176050193322,269,6951.509235998033,675,6645.386617094446
929 E LINCOLN AV,43.002809400000004,-87.89717594949497,43224,6201.93010030377,531,5411.511409072693,41,5620.796430848737,0,0.0,311,4810.25279125668,1049,5783.558015720518
2325 S LOGAN AV,43.002362000000005,-87.89706531590065,43129,6209.923453231544,531,5454.926569988208,41,5641.479791925765,0,0.0,311,4837.7791545649725,1047,5803.664296806495
2429 S LOGAN AV,43.00001175,-87.89700015851574,42660,6236.429259772871,525,5619.751518205739,42,5831.7528288782305,0,0.0,310,4955.296519820807,1026,5847.890003901066
2515 S LOGAN AV,42.999162600000005,-87.89702745932601,42348,6231.902877912274,523,5680.485276042416,42,5858.779764806555,0,0.0,308,4971.56849704032,1012,5835.6004448122185
2623 S LOGAN AV,42.996592699999994,-87.8970985371295,41806,6255.566552833388,531,5979.654445440028,41,5842.900080065243,0,0.0,309,5144.415072177182,998,5915.482604141977
1116 E POTTER AV,42.9980877,-87.89495863778986,41543,6269.458228287226,518,5792.643755966948,41,5865.544236853464,0,0.0,304,5034.928327668649,979,5847.355341025354
2524 S LOGAN AV,42.998958200000004,-87.896527325,42155,6239.417778218002,523,5712.113949395208,42,5882.460204574057,0,0.0,308,4998.725625090321,1003,5831.380058282238
2593 S WENTWORTH AV,42.997158,-87.88866554583961,39741,6387.268205898183,517,6052.952902977873,39,5925.306630254041,0,0.0,295,5165.440507075144,924,5949.382493735281
2544 S WENTWORTH AV,41.84608745,-87.6322121359375,57880,6219.115862228073,614,5247.48214408462,124,6432.542122081837,0,0.0,1271,5636.056258442972,1923,6030.570320730714
919 E LINCOLN AV,43.0027787,-87.89753201053612,43295,6195.405970977343,531,5404.765876161878,41,5609.769763825696,0,0.0,311,4800.677459019916,1050,5773.194391590466
539 E LINCOLN AV,43.00275755,-87.90158622513158,44319,6137.092301586161,542,5402.539503862,43,5687.344383348984,1,9757.811302232332,315,4752.20702757,1082,5726.921408143063
1302 E SEELEY ST,42.99640145,-87.8932890713337,40775,6313.360769396857,519,6001.511865293374,40,5878.689070843195,0,0.0,299,5113.083190029307,954,5906.68648900806
1312 E SEELEY ST,42.99637305,-87.89309981964146,40715,6316.1910129509715,519,6009.302975056583,40,5886.8152943174855,0,0.0,299,5121.171101895503,953,5912.457219897484
2678 S CLEMENT AV,42.99567325,-87.89393278467027,40799,6311.485321663224,518,6044.219866692728,40,5880.65064053684,0,0.0,299,5140.147892854511,957,5931.34270995206
"2504 S DELAWARE AV, Unit 102",40.685368883305316,-73.36187261373529,11561,5752.865557558972,63,8486.281324908743,13,5583.247404914545,2,3244.9852369185583,77,6083.546054731531,281,6637.0701087969865
"1411 E RUSSELL AV, Unit 2",53.35228278160763,-6.235241838872446,23493,5943.022598232096,1234,4047.6632564639713,24,4263.285790244113,3,6302.008545021988,629,3713.05001129738,3673,4580.355608680385
"1411 E RUSSELL AV, Unit 4",53.35228278160763,-6.235241838872446,23493,5943.022598232096,1234,4047.6632564639713,24,4263.285790244113,3,6302.008545021988,629,3713.05001129738,3673,4580.355608680385
"2420 S WENTWORTH AV, Unit 5",41.85852659629653,-87.63188442860137,57449,6128.538506250769,638,4724.282518479403,125,6388.550353838932,0,0.0,1426,5169.667763960086,2077,5656.930596223205
"2445 S ST CLAIR ST, Unit 4",51.80316414935687,1.0845057009739762,813,5006.471947828771,54,5454.125032472333,2,2700.605332425447,0,0.0,11,5906.030648361238,44,5369.12982668402
"2455 S ST CLAIR ST, Unit 8",51.80316414935687,1.0845057009739762,813,5006.471947828771,54,5454.125032472333,2,2700.605332425447,0,0.0,11,5906.030648361238,44,5369.12982668402
2538 S WENTWORTH AV,41.846226599999994,-87.63226863435179,57871,6216.170527883267,614,5238.507070368931,124,6430.4030052377275,0,0.0,1273,5630.2726055206485,1924,6023.372684580599
2471 S WENTWORTH AV,42.999228099999996,-87.89115090573216,40812,6324.622974460218,518,5796.845369535394,39,5758.120662570335,0,0.0,299,5015.474345747387,950,5836.140573861468
2491 S ST CLAIR ST,37.64942993877551,-97.36872846938776,2978,6587.624516157112,76,5437.031726665221,81,6982.070638850267,2,8776.00504794194,67,6294.512177189833,284,6013.136558964974
1931 E IRON ST,42.996725749999996,-87.88572454887088,38844,6443.749519962694,505,6094.884028840603,39,6061.421858492136,0,0.0,290,5224.264110676928,910,6053.693481235569
"2525 S SHORE DR, Unit 2D",53.679528843624574,-6.239734847414461,5461,6545.046915657872,42,6628.697779849037,2,7427.903685994979,0,0.0,22,8275.30777011447,168,7277.827444348389
"2525 S SHORE DR, Unit 10C",53.679528843624574,-6.239734847414461,5461,6545.046915657872,42,6628.697779849037,2,7427.903685994979,0,0.0,22,8275.30777011447,168,7277.827444348389
"2525 S SHORE DR, Unit 15C",53.679528843624574,-6.239734847414461,5461,6545.046915657872,42,6628.697779849037,2,7427.903685994979,0,0.0,22,8275.30777011447,168,7277.827444348389
"2525 S SHORE DR, Unit 18A",53.679528843624574,-6.239734847414461,5461,6545.046915657872,42,6628.697779849037,2,7427.903685994979,0,0.0,22,8275.30777011447,168,7277.827444348389
"2525 S SHORE DR, Unit 20D",53.679528843624574,-6.239734847414461,5461,6545.046915657872,42,6628.697779849037,2,7427.903685994979,0,0.0,22,8275.30777011447,168,7277.827444348389
"2745 S SHORE DR, Unit 3",53.679528843624574,-6.239734847414461,5461,6545.046915657872,42,6628.697779849037,2,7427.903685994979,0,0.0,22,8275.30777011447,168,7277.827444348389
3060 S WENTWORTH AV,42.98904765,-87.87651719799278,34574,6658.760422115133,484,6953.28318189672,37,6552.881594815041,0,0.0,277,5898.977085256985,794,6402.223097822804
3000-3002 S DELAWARE AV,39.89382642471486,-75.14378091986177,15871,7179.2173340409,371,7256.787857863431,191,7094.067145236489,3,6722.952232233572,612,7073.274012435141,1349,7166.251123274705
3063 S SUPERIOR ST,42.988704999999996,-87.87497085,34051,6689.802428442312,482,7028.962979148044,37,6635.244817743977,0,0.0,276,5975.643391185577,790,6481.459865276716
3070 S WENTWORTH AV,42.98881455,-87.87598137560116,34380,6671.2035147673605,484,6994.126316374331,37,6585.40540187021,0,0.0,277,5938.260868697581,791,6428.7751639589405
2605 E BENNETT AV,42.9906366,-87.87762425000001,35231,6629.038306275671,486,6780.783656860285,38,6538.137556094675,0,0.0,277,5744.141920417899,794,6256.986565698662
2971 S SHORE DR,42.99151775,-87.87835480978916,35570,6604.821500974787,486,6673.893161151942,38,6473.651504158732,0,0.0,277,5654.271460414582,801,6204.619956806391
1832 E BENNETT AV,42.989282349999996,-87.88610995426325,37345,6495.630666061875,487,6641.013554543977,39,6335.581988305688,0,0.0,287,5655.332189765062,877,6312.954309915362
2930 S ELLEN ST,42.9892813,-87.88695592484802,37608,6485.63494712792,488,6624.3984768881455,39,6302.762207857798,0,0.0,288,5640.892654567339,883,6300.107804935222
1803 E RUSK AV,42.9898274,-87.88696275443174,37786,6485.724555083134,488,6571.851371626613,40,6373.225311317425,0,0.0,288,5601.162551155669,885,6275.483180687855
1809 E RUSK AV,42.98980985,-87.88678404999999,37717,6487.125822693237,488,6578.50843570872,40,6380.878892218586,0,0.0,288,5608.699089804614,883,6276.148560549892
1817-1819 E RUSK AV,43.040299181983876,-89.37997627598884,11874,5871.396725024244,357,4548.098832792159,17,6847.623045404002,0,0.0,234,5046.589694196074,524,6036.009179601987
1915 E RUSK AV,42.9896705,-87.8853622504216,37254,6506.738994004991,487,6625.401247948567,38,6251.648609068,0,0.0,284,5607.996116469613,862,6258.980113859451
1820 E OKLAHOMA AV,42.9884686,-87.88645105,37238,6495.790198966513,485,6695.930006026069,39,6355.096481555293,0,0.0,287,5702.730032735481,875,6338.384434514041
2729 S DELAWARE AV,42.99452375,-87.8877816607638,38981,6427.461558365222,507,6245.263133598908,39,6056.378554942431,0,0.0,291,5298.246047519282,915,6094.595106057094
2724 S FULTON ST,42.9940596,-87.8895521925026,39339,6399.927261097424,514,6286.669732595159,39,6005.067215950508,0,0.0,292,5281.2333872648205,923,6072.666878632046
2765 S WENTWORTH AV,42.9942377,-87.88616870850623,38469,6456.822779458971,499,6261.383147222777,39,6132.288768655586,0,0.0,288,5329.412169817104,904,6139.87000353049
2821 S SUPERIOR ST,42.9935909,-87.88381386697594,37550,6491.156039465887,489,6320.070139130028,39,6254.094244880379,0,0.0,284,5400.173034598127,871,6144.6537694811
3042 S SUPERIOR ST,42.9895921,-87.8754829,34436,6679.965591957878,484,6941.449645720274,37,6580.4610789613,0,0.0,277,5908.109301410943,791,6409.408862290229
2367 E FERNWOOD AV,42.9864247,-87.87962728960257,34796,6610.921643801058,476,7040.321476503647,37,6518.552433720184,0,0.0,278,5968.465451654544,798,6429.427199266885
2229 E FERNWOOD AV,42.986498499999996,-87.88178960215095,35363,6569.704414364984,477,6970.133108963372,37,6427.14669596594,0,0.0,281,5924.3875580507,805,6358.572204247261
2869-2871 S MABBETT AV,42.98742126701024,-87.8815745684072,35503,6565.688120651229,481,6914.776212093065,37,6398.106683641182,0,0.0,280,5850.680338391391,803,6301.917513150963
2843 S WENTWORTH AV,42.992653250000004,-87.88397621380597,37483,6503.234699777153,488,6393.965283752333,39,6283.040528692391,0,0.0,283,5438.9778841989655,869,6180.615218669838
2860-2862 S DELAWARE AV,39.89382642471486,-75.14378091986177,15871,7179.2173340409,371,7256.787857863431,191,7094.067145236489,3,6722.952232233572,612,7073.274012435141,1349,7166.251123274705
2851-2853 S SUPERIOR ST,41.64632325598228,-83.54048376144254,5732,5456.050599810803,78,4441.193670731014,12,5921.0031541096,1,1888.2103047756214,101,4385.753936144422,121,6233.789869351456
2850 S WENTWORTH AV,42.992836100000005,-87.88352139074406,37369,6507.440113655094,488,6391.542164182782,39,6294.940963829436,0,0.0,283,5445.255689132827,863,6165.338900459336
2951 S SUPERIOR ST,42.9913884,-87.87989730472346,35999,6578.423043851177,486,6631.184326070944,38,6410.436173462396,0,0.0,280,5643.392574324242,815,6202.057721274442
2901 S WENTWORTH AV,42.9917492,-87.88234938102512,36791,6534.101064056542,487,6522.646820984639,39,6386.117910493393,0,0.0,280,5516.885271505646,841,6183.665254500961
2957 S WENTWORTH AV,42.9906148,-87.88042284999999,36016,6576.852734428133,486,6684.758717250579,38,6416.619509136596,0,0.0,279,5657.602638325197,814,6216.151297407889
2986 S MABBETT AV,42.9895501,-87.88147550769578,36025,6559.964023346754,486,6749.325804538153,38,6413.428194123691,0,0.0,279,5688.203109718622,814,6228.6523549750855
2961 S MABBETT AV,42.989651249999994,-87.882493184725,36390,6547.522871582417,486,6707.269155968663,38,6367.353095509897,0,0.0,280,5656.309490635203,825,6226.277111082876
2129 E BENNETT AV,42.9889238,-87.88305385060127,36281,6533.514321297153,486,6758.5992596017095,38,6374.081309957749,0,0.0,281,5701.662448664229,827,6253.283059549751
2998 S MABBETT AV,42.98925895,-87.88094871022395,35795,6569.214558706099,486,6793.801849965059,38,6446.951779325631,0,0.0,278,5714.313791527618,808,6242.642744990537
2416 E BENNETT AV,42.9895403,-87.87915340174746,35382,6602.27730642135,486,6827.794004457012,38,6512.207434373718,0,0.0,277,5752.829688591371,796,6254.706869818012
2966 S WENTWORTH AV,42.99063785,-87.87962293895806,35769,6588.761996916888,486,6709.9341042858,38,6450.21337902238,0,0.0,278,5673.912605758269,807,6220.593406711004
2348 E OKLAHOMA AV,42.98840265,-87.88003802861368,35348,6590.332989076743,485,6897.6661251082305,37,6423.311538552955,0,0.0,279,5825.984054901687,800,6298.898331113337
2891 S KINNICKINNIC AV,42.992054800000005,-87.88791932377151,38547,6451.839743342614,501,6426.725620688292,39,6149.295351873601,0,0.0,287,5393.304343795094,901,6168.288376020315
2914 S MABBETT AV,42.99065795,-87.8834777035216,36882,6523.389871508417,488,6595.6598376046495,38,6287.099266607671,0,0.0,282,5578.260169088978,850,6234.491715386578
2770 S DELAWARE AV,42.99362365,-87.88634970616943,38380,6457.779609351668,499,6312.481158270464,39,6148.379600508041,0,0.0,287,5346.089478067161,901,6152.345348150903
2980 S KINNICKINNIC AV,42.990722149999996,-87.88519406407875,37473,6504.0034750606665,488,6537.459515115177,39,6311.245341803222,0,0.0,283,5523.454652565052,864,6212.833382051329
2016 E RUSK AV,42.9906804,-87.8846647041411,37259,6507.521905340684,488,6557.198961029367,39,6334.074953776333,0,0.0,282,5530.545424633631,859,6217.63303170604
2010 E OKLAHOMA AV,42.9884409,-87.88438187141065,36557,6517.581288966822,485,6757.920312524391,38,6341.5281901954195,0,0.0,283,5717.535884044351,842,6289.835212920546
1324 E MANITOBA ST,42.98983065,-87.89243563368959,39355,6414.838153879883,510,6578.846593241901,40,6172.093508460699,0,0.0,294,5516.9746132299715,937,6249.271007891376
3020 S CLEMENT AV,42.98915855,-87.89406125979971,39697,6406.719264391091,527,6712.141451374644,40,6147.106874971463,0,0.0,295,5535.638360112141,957,6298.737886096928
3013 S CALIFORNIA ST,42.9893102,-87.89349656795196,39555,6409.769811368349,525,6699.536813559576,40,6159.033544005543,0,0.0,295,5539.935451816488,950,6286.392083704702
3032 S CLEMENT AV,42.9889097,-87.89404867005521,39645,6410.395841226869,524,6716.808279972551,40,6158.789580456955,0,0.0,295,5554.510418036168,956,6309.822038265285
3005 S HANSON AV,42.9894915,-87.89111264970276,38913,6435.373020187463,504,6603.981037995881,40,6233.247662312821,0,0.0,291,5535.335686088199,918,6249.1076574423405
1306 E PRYOR AV,42.9952995,-87.89291345247926,40493,6334.37332259497,518,6106.289126109095,40,5932.272974121114,0,0.0,298,5181.500532412684,948,5958.696292309515
1106 E PRYOR AV,42.995382750000005,-87.89483064186022,40978,6301.800962999812,518,6048.133889928252,40,5859.280185087625,0,0.0,301,5164.418209251849,968,5955.149747809912
1325 E PRYOR AV,42.9949415,-87.89238707644665,40286,6346.736924950635,517,6146.426167143974,40,5965.289629766405,0,0.0,298,5222.633852219256,947,5997.788314508577
2804 S KINNICKINNIC AV,42.9941726,-87.89283644973722,40236,6347.23655281334,517,6206.059674751589,40,5977.949841924875,0,0.0,297,5244.263634718362,945,6012.675153120838
2823 S CLEMENT AV,42.9931802,-87.89452037044228,40495,6336.349465218585,519,6270.671615994245,40,5958.143543245634,0,0.0,298,5278.885231929981,956,6042.94923281246
1132 E DAKOTA ST,42.9925343,-87.89449988403821,40399,6348.279374793021,522,6353.454120954052,40,5985.635728780835,0,0.0,295,5278.02037513593,958,6089.086470061721
2846-2848 S HERMAN ST,42.98921665599627,-87.89560677820933,40151,6390.140308499547,530,6688.1739259631295,40,6094.575997102014,0,0.0,295,5491.550391948137,978,6312.476283565326
2804-2808 S CLEMENT AV,42.97740756549816,-87.89447994400743,36460,6489.556409096759,466,7439.922108868644,36,6301.281082585975,0,0.0,291,6346.103477966865,921,6870.685084991811
2800-2802 S CLEMENT AV,42.97740756549816,-87.89447994400743,36460,6489.556409096759,466,7439.922108868644,36,6301.281082585975,0,0.0,291,6346.103477966865,921,6870.685084991811
2753 S HERMAN ST,42.99415205,-87.895823991485,40996,6303.278020557364,529,6219.8842326599515,40,5874.591551080665,0,0.0,299,5189.127914899994,983,6043.514027735882
2744 S LENOX ST,42.9946809,-87.89780958955265,41634,6272.12264112766,535,6166.151687892052,40,5790.481976855602,1,9963.257973637643,308,5242.315621360632,1003,6010.805911826624
